trial,model,target_rank_in_tour,tour_length,fcr
0,M4* greedy,1,12.619188239063789,1.0
0,M4* 2-opt,1,11.857938388715493,1.0
1,M4* greedy,1,13.574249805237363,4.220368242525494
1,M4* 2-opt,2,12.04603548649473,4.1283313665449235
2,M4* greedy,2,13.051787205118142,1.9227895006487838
2,M4* 2-opt,5,12.401830019333268,9.526376340647703
3,M4* greedy,1,13.252577444946667,8.31271562592957
3,M4* 2-opt,1,13.03485191576509,7.823281865030681
4,M4* greedy,3,13.718640442814433,1.9814719055208458
4,M4* 2-opt,9,13.048793540307944,11.783571188159215
5,M4* greedy,1,9.332172450163315,3.981728597258188
5,M4* 2-opt,1,9.332172450163315,3.630085989325228
6,M4* greedy,4,13.431793418718414,1.5323249074580483
6,M4* 2-opt,3,12.529012414052339,1.8277901002446482
7,M4* greedy,4,13.079699398999974,1.6629226224884968
7,M4* 2-opt,4,12.999049795316864,1.6629226224884968
8,M4* greedy,4,11.982141330677635,1.3881527441666484
8,M4* 2-opt,3,11.341589591745748,1.0604011369671
9,M4* greedy,7,13.97139401078796,2.057845408293466
9,M4* 2-opt,3,12.670169179995499,1.219257980928029
10,M4* greedy,2,12.224508070151398,1.001848710286333
10,M4* 2-opt,2,10.845926557452147,1.001848710286333
11,M4* greedy,2,13.62296908902789,1.0016064732133136
11,M4* 2-opt,3,13.056234502242813,1.981363712824842
12,M4* greedy,4,12.26986565094643,1.9240542771882614
12,M4* 2-opt,4,10.265603414068943,1.6651744090341887
13,M4* greedy,3,13.570763466067804,4.269970002958958
13,M4* 2-opt,3,13.570763466067804,4.269970002958958
14,M4* greedy,1,13.52477875688725,6.798465099400175
14,M4* 2-opt,1,13.52477875688725,6.796316921422467
15,M4* greedy,4,13.388941532230309,2.3262816558992316
15,M4* 2-opt,4,11.621321126094795,2.3757795208975456
16,M4* greedy,3,13.634763466920539,1.9375167948013194
16,M4* 2-opt,5,12.286639140272614,4.1481479278974485
17,M4* greedy,3,10.66748747758543,1.5424812218578314
17,M4* 2-opt,3,10.66748747758543,1.5424812218578314
18,M4* greedy,5,13.314913738361364,6.095014252913909
18,M4* 2-opt,6,11.783894920293958,6.640435555617561
19,M4* greedy,2,13.498612721342708,5.054149787630081
19,M4* 2-opt,2,12.720151039980149,5.054149787630081
20,M4* greedy,1,11.762534291316115,6.928123488422777
20,M4* 2-opt,1,11.762534291316115,6.928123488422777
21,M4* greedy,2,13.599617898822679,4.555602513682292
21,M4* 2-opt,2,13.599617898822679,4.555602513682292
22,M4* greedy,1,11.75347682378012,3.750014491059471
22,M4* 2-opt,1,11.75347682378012,3.5639112987482595
23,M4* greedy,3,9.89027874074824,4.919095941431642
23,M4* 2-opt,3,9.89027874074824,4.762439425393005
24,M4* greedy,1,13.922206586345068,3.411993671725239
24,M4* 2-opt,1,13.922206586345068,3.1815436377911515
25,M4* greedy,2,12.922412038981756,1.1856523112946031
25,M4* 2-opt,4,11.914094933511041,2.041554266332162
26,M4* greedy,5,13.604215003609273,5.350169567845961
26,M4* 2-opt,5,12.589792797275027,4.858793534969566
27,M4* greedy,3,13.618044791803445,1.1566598796223464
27,M4* 2-opt,5,13.081957515169737,7.583381784742312
28,M4* greedy,1,11.208352574842014,1.0
28,M4* 2-opt,6,9.415953159946788,4.783459320189988
29,M4* greedy,5,7.995527346950865,1.9806524847526517
29,M4* 2-opt,5,7.995527346950865,1.9806524847526517
30,M4* greedy,2,13.142926154077063,1.0835010143384138
30,M4* 2-opt,3,12.739659131384965,1.218939523107737
31,M4* greedy,6,13.493602968097626,2.9491904680176484
31,M4* 2-opt,2,12.59385038182585,1.7272252271865425
32,M4* greedy,4,13.407697931245895,1.5066610414121087
32,M4* 2-opt,5,12.961737225221393,1.9558032962847385
33,M4* greedy,3,13.62482951289617,2.8400254089661865
33,M4* 2-opt,3,13.272298923213746,2.6120839124849633
34,M4* greedy,3,13.527428726017899,4.554273482740338
34,M4* 2-opt,4,12.327453469520417,4.279115736086899
35,M4* greedy,1,11.619708331902537,5.083896838411198
35,M4* 2-opt,1,11.619708331902537,4.7798610022659425
36,M4* greedy,4,13.280250263872762,3.93149996971721
36,M4* 2-opt,4,13.280250263872762,3.93149996971721
37,M4* greedy,1,10.654982389146896,4.0753010909039125
37,M4* 2-opt,1,10.654982389146896,4.0753010909039125
38,M4* greedy,2,13.356973146000058,5.5885421458446105
38,M4* 2-opt,2,13.356973146000058,5.5885421458446105
39,M4* greedy,3,11.76031655777745,1.7317235711289234
39,M4* 2-opt,2,9.997192327358187,1.7145934974444086
40,M4* greedy,4,12.127492814440489,1.5447629527198525
40,M4* 2-opt,5,11.96084127014996,3.10701292023667
41,M4* greedy,4,13.21951992425901,2.5830408083931826
41,M4* 2-opt,7,11.885932292856218,4.5243025459555115
42,M4* greedy,5,12.028523740401731,1.7097992741057682
42,M4* 2-opt,5,10.537929608097883,1.7097992741057682
43,M4* greedy,1,12.995247614140542,1.0
43,M4* 2-opt,4,10.527750329386066,5.586560930752023
44,M4* greedy,3,11.788152118451762,4.805018142500779
44,M4* 2-opt,3,11.788152118451762,4.672850507750733
45,M4* greedy,7,10.208690246095866,6.39416771612445
45,M4* 2-opt,7,9.819670858466,6.112400464144274
46,M4* greedy,1,13.91246701482422,3.6349430149107556
46,M4* 2-opt,1,13.91246701482422,3.4777458319313337
47,M4* greedy,5,13.329468830032283,2.719779477957735
47,M4* 2-opt,6,12.907632770375315,2.751657082398273
48,M4* greedy,1,13.107610736681023,3.7604694755643084
48,M4* 2-opt,1,13.107610736681023,3.566851640160973
49,M4* greedy,2,7.691610248310932,4.586679573180431
49,M4* 2-opt,2,7.691610248310932,4.586679573180431
50,M4* greedy,5,11.71854702958663,4.721022964174219
50,M4* 2-opt,4,9.895941215208175,4.0889358630110015
51,M4* greedy,2,13.221212948131601,1.0066572633238873
51,M4* 2-opt,4,12.701249223831997,3.373087564020632
52,M4* greedy,1,10.755122041616843,5.966491479823661
52,M4* 2-opt,1,10.755122041616843,5.599817413900891
53,M4* greedy,6,13.264594619595101,2.3921704108915818
53,M4* 2-opt,5,12.561245484048332,2.2066174504044964
54,M4* greedy,5,10.695085861701703,3.7989359313729465
54,M4* 2-opt,4,10.568987148633418,3.719514837893384
55,M4* greedy,4,13.592939897420965,1.5671130525864876
55,M4* 2-opt,4,12.57707045380472,1.5671130525864876
56,M4* greedy,8,12.722036155419493,3.3334793548281847
56,M4* 2-opt,2,11.75811120676359,1.1437465940282894
57,M4* greedy,6,13.492175925996024,4.188396897271672
57,M4* 2-opt,6,13.492175925996024,4.188396897271672
58,M4* greedy,3,12.447222964049732,2.0387687428275942
58,M4* 2-opt,3,12.373239356201003,2.7534813728872085
59,M4* greedy,1,8.00777345536428,8.342163366945403
59,M4* 2-opt,1,8.00777345536428,8.287988188559728
60,M4* greedy,3,12.171706169987623,1.4306115999966846
60,M4* 2-opt,5,11.513264884178597,3.4516156522546804
61,M4* greedy,2,13.429847490989197,1.358699057416906
61,M4* 2-opt,1,12.985576001069072,1.0
62,M4* greedy,3,13.303317991235073,1.3249550632711757
62,M4* 2-opt,3,13.303317991235073,1.3249550632711757
63,M4* greedy,6,13.59317632535028,4.7071842807118545
63,M4* 2-opt,12,13.105849716236532,9.433877740898467
64,M4* greedy,5,13.499403590791136,1.1641852389809184
64,M4* 2-opt,4,13.023561168805957,1.0694248408506806
65,M4* greedy,2,12.340429696539777,4.920258507852762
65,M4* 2-opt,3,11.075155782682415,4.972235545198606
66,M4* greedy,6,12.270078092781626,2.109947737621868
66,M4* 2-opt,7,11.42103857513582,2.2956722190494294
67,M4* greedy,4,13.479789260481988,4.185366236632746
67,M4* 2-opt,1,10.762753333571645,1.0
68,M4* greedy,4,11.425963945428652,5.256827692873084
68,M4* 2-opt,4,11.425963945428652,5.055275613699824
69,M4* greedy,2,13.840657393252167,5.707393716211211
69,M4* 2-opt,2,13.840657393252167,5.707393716211211
70,M4* greedy,1,11.085610642673553,1.1492391870823504
70,M4* 2-opt,1,10.920825296924647,1.1492391870823504
71,M4* greedy,4,13.992592777527305,1.5786048890586621
71,M4* 2-opt,3,13.965977989842118,1.4059336473410593
72,M4* greedy,3,13.121199384523841,1.0552419218646882
72,M4* 2-opt,4,12.726767446089578,1.1238627770854557
73,M4* greedy,4,11.449758661620997,1.1199470070249895
73,M4* 2-opt,4,11.449758661620997,1.1199470070249895
74,M4* greedy,6,13.807416025809339,2.290526823002417
74,M4* 2-opt,3,12.870797972323892,1.184327023480948
75,M4* greedy,4,10.156648693398918,2.184463913512377
75,M4* 2-opt,5,9.311818184109732,4.608256650545724
76,M4* greedy,4,13.970352289762893,1.5537291160394826
76,M4* 2-opt,2,13.67273962690916,1.0097992895852002
77,M4* greedy,4,13.47828107845099,1.0428893184301258
77,M4* 2-opt,4,13.47828107845099,1.0428893184301258
78,M4* greedy,1,12.527722949556397,4.657252520248899
78,M4* 2-opt,1,12.527722949556397,4.609520179828977
79,M4* greedy,1,13.31213827005335,3.187149235675843
79,M4* 2-opt,1,13.31213827005335,2.905361512719763
80,M4* greedy,3,12.931869226010562,1.9848992325978194
80,M4* 2-opt,5,11.58617845666868,4.813384821987354
81,M4* greedy,7,13.879834836103461,3.1571409866650506
81,M4* 2-opt,3,12.296348620837499,1.0086461774731252
82,M4* greedy,1,10.355075290522127,1.0
82,M4* 2-opt,3,10.179006287933628,3.425598065185396
83,M4* greedy,5,13.618977045975015,1.791062882582004
83,M4* 2-opt,5,12.752213762933746,1.5595390659218777
84,M4* greedy,6,12.445934126494258,2.517913079848686
84,M4* 2-opt,5,10.616462576370676,1.933019462006872
85,M4* greedy,5,13.118338531127787,2.231584668275389
85,M4* 2-opt,4,10.283057548309198,2.013306959913444
86,M4* greedy,5,12.359085036774745,8.703037526502607
86,M4* 2-opt,6,12.179535148447679,8.993006871109113
87,M4* greedy,2,13.39638071723239,3.534890293097281
87,M4* 2-opt,2,12.725469138499925,3.534890293097281
88,M4* greedy,5,13.166822457575883,1.684467192796475
88,M4* 2-opt,3,11.294570842173318,1.198062227155342
89,M4* greedy,1,13.312131296879901,13.437375018544275
89,M4* 2-opt,1,12.722673891617484,13.437375018544275
90,M4* greedy,6,13.640343193306217,1.3725372781095195
90,M4* 2-opt,4,12.975955130799191,1.1245791934159401
91,M4* greedy,5,13.549610365141676,2.1068107674072465
91,M4* 2-opt,5,11.688397178706705,1.944164656461754
92,M4* greedy,2,13.775015583961228,1.2523545304950663
92,M4* 2-opt,2,10.834860760537023,1.2523545304950663
93,M4* greedy,1,12.784769938802105,9.659542052850238
93,M4* 2-opt,1,12.784769938802105,9.64636931815612
94,M4* greedy,3,11.170554461468788,5.417940017575192
94,M4* 2-opt,1,10.010712858097692,4.404642326106953
95,M4* greedy,3,13.873339333643955,1.3131268830908325
95,M4* 2-opt,2,13.483151270756217,1.224176731335256
96,M4* greedy,6,13.26646685905904,4.748723174492094
96,M4* 2-opt,5,11.937731097553996,3.9216174932645482
97,M4* greedy,4,9.579134751297712,2.5753741892170465
97,M4* 2-opt,1,8.20357409753821,1.0
98,M4* greedy,1,8.52493761421458,8.160329102458535
98,M4* 2-opt,1,8.100675232967884,6.996150185324353
99,M4* greedy,2,13.339161557718821,1.0351952303420542
99,M4* 2-opt,2,11.330923467934223,1.0351952303420542
100,M4* greedy,1,13.206294819651253,1.0
100,M4* 2-opt,1,12.302640826623023,1.0
101,M4* greedy,4,11.987762437921058,2.1600613185822835
101,M4* 2-opt,2,10.436209033454762,1.1929472004245554
102,M4* greedy,2,13.617654897170512,1.3712196673142303
102,M4* 2-opt,2,13.33782642896394,1.3712196673142303
103,M4* greedy,5,13.827469083769,1.4170834730168913
103,M4* 2-opt,5,13.827469083769,1.4170834730168913
104,M4* greedy,2,13.780888658385278,1.0005606964360798
104,M4* 2-opt,3,13.433427390191103,1.5281468807466139
105,M4* greedy,3,12.733500610297412,7.897261917724568
105,M4* 2-opt,3,12.733500610297412,7.678883576050653
106,M4* greedy,3,13.764059634076844,2.0274788118773333
106,M4* 2-opt,3,13.684895689622984,1.9875775198878565
107,M4* greedy,2,13.223399616634941,6.09941522003077
107,M4* 2-opt,2,13.223399616634941,5.799741169370331
108,M4* greedy,1,11.714556572246607,4.07654195731462
108,M4* 2-opt,1,11.714556572246607,4.025228687691483
109,M4* greedy,1,11.64610939531972,1.0
109,M4* 2-opt,1,11.64610939531972,1.0
110,M4* greedy,4,13.53388352217889,4.540628812748922
110,M4* 2-opt,4,13.53388352217889,4.540628812748922
111,M4* greedy,1,13.868511062972003,6.498333175312315
111,M4* 2-opt,1,13.868511062972003,6.42346620589256
112,M4* greedy,3,12.795103071116785,1.1219892576741575
112,M4* 2-opt,3,12.019467432745698,1.1219892576741575
113,M4* greedy,5,12.099369927235378,1.7811062698499567
113,M4* 2-opt,5,11.371923093464442,1.7811062698499567
114,M4* greedy,1,13.707394647868345,5.326339202433576
114,M4* 2-opt,1,13.707394647868345,5.326339202433576
115,M4* greedy,3,12.957381727621648,1.1499896633666713
115,M4* 2-opt,5,12.11894875386714,1.9283212165834158
116,M4* greedy,1,10.125779235194718,8.891658440663893
116,M4* 2-opt,1,10.125779235194718,8.891658440663893
117,M4* greedy,1,12.492916372628157,7.248278215045544
117,M4* 2-opt,1,12.492916372628157,7.004822708013405
118,M4* greedy,6,12.380424048779858,1.6964225288929764
118,M4* 2-opt,4,11.882081622095221,1.2009842883683384
119,M4* greedy,2,13.238339489768334,6.112308959572762
119,M4* 2-opt,2,13.238339489768334,5.9271164413824575
120,M4* greedy,3,10.54134576544087,1.9714537480328462
120,M4* 2-opt,2,9.711712240470948,1.334526857650763
121,M4* greedy,4,13.796868466282891,1.7622644915360406
121,M4* 2-opt,4,13.796868466282891,1.7622644915360406
122,M4* greedy,3,13.19342201808791,1.613757621016736
122,M4* 2-opt,9,12.102238299328224,6.171862353921584
123,M4* greedy,1,13.701653065965587,3.6699927570661264
123,M4* 2-opt,1,13.701653065965587,3.061738880010341
124,M4* greedy,2,12.506612300507264,5.986085521828775
124,M4* 2-opt,3,12.379993940673307,6.076144808588923
125,M4* greedy,2,12.997341613694072,2.0662533611735374
125,M4* 2-opt,8,12.645372337931043,9.579940656292314
126,M4* greedy,1,11.655545947839872,4.6756415318637545
126,M4* 2-opt,1,11.655545947839872,4.65896019992008
127,M4* greedy,6,11.72398766507308,3.617248420446418
127,M4* 2-opt,6,11.72398766507308,3.617248420446418
128,M4* greedy,2,13.150575982794917,3.2278378256116165
128,M4* 2-opt,2,13.150575982794917,3.0237444620828695
129,M4* greedy,2,13.909430800464795,1.5434305928229468
129,M4* 2-opt,3,13.107398511996964,1.5588247634925088
130,M4* greedy,3,10.62276893374884,4.572937689712556
130,M4* 2-opt,4,10.353345816269051,4.744231476911575
131,M4* greedy,5,12.573153544935703,1.8277928035328903
131,M4* 2-opt,3,12.257077544697571,1.4290519465876923
132,M4* greedy,7,13.796420373006537,2.72553873154086
132,M4* 2-opt,7,13.324860787334277,2.5982003746951476
133,M4* greedy,5,13.543499880465333,1.9467104966170332
133,M4* 2-opt,4,12.529144063082429,1.7866245407810872
134,M4* greedy,1,6.995455633191616,1.8057890878260654
134,M4* 2-opt,2,6.950101833345434,1.8204487863962162
135,M4* greedy,4,12.89598241486147,1.025763271747082
135,M4* 2-opt,3,12.216739723991353,1.0789422289868287
136,M4* greedy,2,13.589781363142958,1.3170402545934492
136,M4* 2-opt,2,13.589781363142958,1.3170402545934492
137,M4* greedy,4,13.792119332617004,1.5442215869406406
137,M4* 2-opt,6,12.851980486554403,2.5695574083487185
138,M4* greedy,5,12.450642218081635,1.1758288733547488
138,M4* 2-opt,7,11.597799423715099,2.525649387308591
139,M4* greedy,3,12.792323381891713,2.7992167593179396
139,M4* 2-opt,7,11.414587258928698,3.9705892457274463
140,M4* greedy,2,11.571144276718528,1.588826842834965
140,M4* 2-opt,3,10.880813824868998,2.2351666693476493
141,M4* greedy,4,12.457315401293213,1.3352720905552722
141,M4* 2-opt,4,12.457315401293213,1.3352720905552722
142,M4* greedy,3,13.798340179353453,4.903076732303772
142,M4* 2-opt,4,13.739102528885397,4.965780300113387
143,M4* greedy,5,13.114794078288305,1.5217240617681491
143,M4* 2-opt,5,12.6000143652252,1.419146255635636
144,M4* greedy,1,13.75586587956064,1.0
144,M4* 2-opt,1,13.75586587956064,1.0
145,M4* greedy,6,13.976495467214761,2.567405688685266
145,M4* 2-opt,3,13.244509983006965,1.57666521524815
146,M4* greedy,1,13.568320677630478,3.592810202119774
146,M4* 2-opt,1,13.568320677630478,3.5360197334152015
147,M4* greedy,3,11.54634185926399,1.545966323417537
147,M4* 2-opt,2,10.815640888423056,1.3297267279922593
148,M4* greedy,10,13.07278464531257,6.340608647823973
148,M4* 2-opt,10,12.551073326065104,6.0476581613253835
149,M4* greedy,3,13.234480727184717,2.0133005658796637
149,M4* 2-opt,4,13.21850703352359,2.1987057845246425
150,M4* greedy,5,13.837924308529846,6.3125276356627795
150,M4* 2-opt,4,13.756537160383974,6.2193070956568555
151,M4* greedy,5,13.265368467738819,1.171990387150404
151,M4* 2-opt,4,12.720907371183653,1.0797711877170564
152,M4* greedy,2,13.319552340782671,1.0217974791709301
152,M4* 2-opt,2,13.319552340782671,1.0217974791709301
153,M4* greedy,3,12.250989182317287,1.2906689478323612
153,M4* 2-opt,5,12.233854092133447,3.364889311154375
154,M4* greedy,2,12.241602851455621,2.7730573130047125
154,M4* 2-opt,2,12.241602851455621,2.5701785637558854
155,M4* greedy,7,13.473302574036085,1.6525480230655858
155,M4* 2-opt,2,13.429208216629,1.1133320098183008
156,M4* greedy,6,12.502626943305502,2.688506640316416
156,M4* 2-opt,6,12.502626943305502,2.688506640316416
157,M4* greedy,1,13.01369671969542,1.0
157,M4* 2-opt,1,13.01369671969542,1.0
158,M4* greedy,3,13.613159541228258,2.8388552527430955
158,M4* 2-opt,2,13.012687552263202,2.2807440349210126
159,M4* greedy,4,12.90390797875834,2.159445070091693
159,M4* 2-opt,5,12.638480787370266,1.5083707157084476
160,M4* greedy,3,13.0558489125786,1.126165082545727
160,M4* 2-opt,2,12.509420184609073,1.0440825424544518
161,M4* greedy,9,13.953899858055916,6.241704210459229
161,M4* 2-opt,9,13.849376937156972,6.187459584651169
162,M4* greedy,5,13.095145831830527,1.1526401262566837
162,M4* 2-opt,4,13.039074766896654,3.025178379339554
163,M4* greedy,4,13.73636064152694,2.23687092773967
163,M4* 2-opt,5,13.54712457448316,2.653577364744356
164,M4* greedy,6,13.914986543861588,3.6979301623116934
164,M4* 2-opt,2,13.455006190459045,1.0878716001996482
165,M4* greedy,4,13.406168770439553,1.8046427512121135
165,M4* 2-opt,9,12.03994266617865,5.19258242065604
166,M4* greedy,4,13.422083698074522,1.8346478443087058
166,M4* 2-opt,2,13.055017057749035,1.3648865755081907
167,M4* greedy,2,10.512547630474252,1.0701416130655743
167,M4* 2-opt,2,10.512547630474252,1.0701416130655743
168,M4* greedy,2,13.866128373921294,2.2351275907400363
168,M4* 2-opt,1,13.54966111385525,2.156613379808344
169,M4* greedy,4,13.96034217562308,1.1604101896240062
169,M4* 2-opt,4,13.89623376785973,1.1604101896240062
170,M4* greedy,5,13.820470765018197,2.0268997318388555
170,M4* 2-opt,6,11.318762815608522,2.2347632966118898
171,M4* greedy,2,13.673168827940351,5.2535918514877835
171,M4* 2-opt,2,13.673168827940351,5.232624245773921
172,M4* greedy,1,12.931237256643104,4.538848287436082
172,M4* 2-opt,1,12.931237256643104,4.538848287436082
173,M4* greedy,8,13.83482387162015,1.5265569250526574
173,M4* 2-opt,5,13.285825071387157,1.1355534743983497
174,M4* greedy,1,13.932732284783814,4.225102297726313
174,M4* 2-opt,1,13.932732284783814,3.844437699697711
175,M4* greedy,1,12.274152156016724,7.2661414195444785
175,M4* 2-opt,1,12.274152156016724,6.967790857567197
176,M4* greedy,4,12.051822154720927,2.4640546956994767
176,M4* 2-opt,2,11.398250867286563,1.8109724672750624
177,M4* greedy,1,7.930389055363088,1.0
177,M4* 2-opt,1,7.930389055363088,1.0
178,M4* greedy,1,12.222327434721427,4.507405894580929
178,M4* 2-opt,1,12.158975863515863,4.4241678434844145
179,M4* greedy,6,13.124101501969875,2.4227121135832395
179,M4* 2-opt,7,11.610172664396522,2.4125822940330535
180,M4* greedy,4,12.170282520871291,1.153305454308819
180,M4* 2-opt,3,11.567267178076905,2.139576633203419
181,M4* greedy,1,10.6744146061701,4.786288687801619
181,M4* 2-opt,1,10.6744146061701,4.728185212999819
182,M4* greedy,2,13.603291227885771,1.1056598332812724
182,M4* 2-opt,2,12.992112400069303,1.1056598332812724
183,M4* greedy,1,12.584390346883305,4.808359018500015
183,M4* 2-opt,1,12.584390346883305,4.250081563098823
184,M4* greedy,6,13.564826481710249,2.2544242085073027
184,M4* 2-opt,3,11.542059827114738,1.5794145967739395
185,M4* greedy,3,13.284545505018105,1.8825658188579946
185,M4* 2-opt,2,12.561633092826135,1.6186886363170063
186,M4* greedy,4,13.974786899877026,1.418857993876979
186,M4* 2-opt,4,13.974786899877026,1.418857993876979
187,M4* greedy,2,13.500997211174163,3.114750963712017
187,M4* 2-opt,2,13.500997211174163,3.114750963712017
188,M4* greedy,5,12.214604368136758,2.5124850062761874
188,M4* 2-opt,5,12.214604368136758,2.5124850062761874
189,M4* greedy,4,12.021719451863136,2.039118363302992
189,M4* 2-opt,7,11.691483942812805,5.460412542073114
190,M4* greedy,2,13.922456255821814,3.720222980930219
190,M4* 2-opt,2,13.922456255821814,3.439226058860624
191,M4* greedy,2,13.9953747452403,1.003262935197775
191,M4* 2-opt,2,13.9953747452403,1.003262935197775
192,M4* greedy,3,11.466768451551516,8.045834121545738
192,M4* 2-opt,3,11.466768451551516,8.045834121545738
193,M4* greedy,5,13.632767994116431,3.1682669634137484
193,M4* 2-opt,5,12.870980444650304,2.935347729627185
194,M4* greedy,4,13.093861791785903,1.6264110972308121
194,M4* 2-opt,3,12.017760029236275,1.5093390821004278
195,M4* greedy,7,12.101847058429751,4.623615938802592
195,M4* 2-opt,4,11.016915611871124,3.4744505837264175
196,M4* greedy,4,13.908231065344555,3.603407659948421
196,M4* 2-opt,4,13.908231065344555,3.5332826583205277
197,M4* greedy,7,13.318209580541549,2.3071343607353416
197,M4* 2-opt,5,11.911365217933618,1.930168913781871
198,M4* greedy,2,13.718196572185834,3.3599058247412157
198,M4* 2-opt,2,13.247102035225282,3.3599058247412157
199,M4* greedy,3,11.387097338030923,1.9751509269363048
199,M4* 2-opt,3,9.734085634946391,1.9751509269363048
200,M4* greedy,2,10.383761894611046,1.1356322973699802
200,M4* 2-opt,3,7.882921637307279,1.3067521695887432
201,M4* greedy,4,13.2741485770718,2.1902507511174654
201,M4* 2-opt,4,13.259627599279977,2.1857681066164427
202,M4* greedy,4,11.309866271259748,6.82059273900195
202,M4* 2-opt,4,10.913841970006617,6.215084613283277
203,M4* greedy,6,13.044159153644015,2.2370587502038988
203,M4* 2-opt,4,11.602741017275468,1.902300331298655
204,M4* greedy,8,13.649613226258882,4.387606489050116
204,M4* 2-opt,2,13.614954626702238,1.2032218434731243
205,M4* greedy,4,13.965351161205657,2.1882288941224335
205,M4* 2-opt,4,13.36092533058158,2.032011828357287
206,M4* greedy,2,10.893562267567171,4.959328754749775
206,M4* 2-opt,2,10.773868157659924,4.7880931954810055
207,M4* greedy,3,13.277516030013878,2.5847777772757254
207,M4* 2-opt,1,11.92717190913411,1.637655937242401
208,M4* greedy,6,12.76077301553728,2.194426980596873
208,M4* 2-opt,6,10.738020357521846,2.046752945419614
209,M4* greedy,1,13.076005365095867,1.0
209,M4* 2-opt,1,10.730400646863945,1.0
210,M4* greedy,2,9.705451702534209,1.6453328607972038
210,M4* 2-opt,4,8.994477220070788,4.324683241422693
211,M4* greedy,2,11.52047779375986,2.40322713238042
211,M4* 2-opt,5,11.019122234999617,6.02891914304819
212,M4* greedy,4,13.272618395209118,1.2969764393976422
212,M4* 2-opt,3,13.063891081915937,1.2219493413383673
213,M4* greedy,3,12.920894296727885,4.482434515441693
213,M4* 2-opt,3,12.920894296727885,4.482434515441693
214,M4* greedy,4,13.739893320531749,1.6205999754394662
214,M4* 2-opt,2,12.231938211850252,1.1956212940584494
215,M4* greedy,2,13.646180917009644,3.39853589384605
215,M4* 2-opt,2,13.646180917009644,3.3589887720554334
216,M4* greedy,4,13.594720181618019,2.295821696725081
216,M4* 2-opt,4,12.929294542349098,1.972427909335465
217,M4* greedy,4,13.349256313333466,1.6115795321052586
217,M4* 2-opt,4,12.178491268429152,1.8743713039582348
218,M4* greedy,2,11.641827092480252,5.994921871079394
218,M4* 2-opt,2,11.641827092480252,5.889374966777281
219,M4* greedy,7,12.174366451203085,3.5898137875297844
219,M4* 2-opt,7,11.112375652821902,3.186453722279174
220,M4* greedy,3,13.860539879491638,4.687583734848606
220,M4* 2-opt,3,13.860539879491638,4.687583734848606
221,M4* greedy,4,12.734881953500844,1.3408924881935667
221,M4* 2-opt,4,12.245519988643341,2.7451816070156565
222,M4* greedy,1,13.732010900869904,1.0
222,M4* 2-opt,1,13.616494052786846,1.0
223,M4* greedy,2,13.77523116947459,5.061597971737939
223,M4* 2-opt,2,13.77523116947459,4.942826655500189
224,M4* greedy,4,13.356379716413514,3.5926588583920434
224,M4* 2-opt,2,13.135959364505617,3.448195356825368
225,M4* greedy,1,12.403942999432015,1.0
225,M4* 2-opt,1,11.53796452192871,1.0
226,M4* greedy,3,13.619141460431914,1.7983946768498609
226,M4* 2-opt,3,12.59377823616185,1.4440882276492328
227,M4* greedy,6,13.659619395225619,1.476830763092017
227,M4* 2-opt,4,12.984725546761936,1.1428683860326583
228,M4* greedy,1,12.507309860160765,1.0
228,M4* 2-opt,1,12.507309860160765,1.0
229,M4* greedy,2,12.661627107698951,1.0227176832669302
229,M4* 2-opt,2,12.661627107698951,1.0227176832669302
230,M4* greedy,6,13.144052716125676,1.8050622911632959
230,M4* 2-opt,5,11.946313504922346,1.549293209212678
231,M4* greedy,4,13.83624374748868,1.8287231841229077
231,M4* 2-opt,5,11.187502475284008,2.411799938381559
232,M4* greedy,2,13.491968759581038,1.0380872756388115
232,M4* 2-opt,2,12.603844665754334,1.0380872756388115
233,M4* greedy,8,13.573756647748757,2.6697522380289174
233,M4* 2-opt,5,11.710963391293967,1.6267492950962963
234,M4* greedy,1,10.839137176128212,5.582204276860812
234,M4* 2-opt,1,10.839137176128212,5.377227686613212
235,M4* greedy,6,13.53731507605079,2.4425460456538324
235,M4* 2-opt,3,12.90899741666455,1.7095526561483019
236,M4* greedy,7,13.65132538294993,1.2868688117563536
236,M4* 2-opt,3,13.527502917313534,1.133873531867988
237,M4* greedy,4,10.599150378728988,1.3475062246713254
237,M4* 2-opt,3,9.298293166667541,1.1360309162566986
238,M4* greedy,5,12.761042676786309,2.001834205115451
238,M4* 2-opt,5,12.660744257972171,1.9745630761817117
239,M4* greedy,8,13.823034126901987,1.9967167790744773
239,M4* 2-opt,4,13.209566122884828,1.632835755255941
240,M4* greedy,4,12.742036309708766,2.3802803504816925
240,M4* 2-opt,5,11.421383002114048,2.5359185390406735
241,M4* greedy,3,10.546156450699467,1.3238424637726083
241,M4* 2-opt,3,10.546156450699467,1.3238424637726083
242,M4* greedy,1,9.563431354854833,6.480814752156992
242,M4* 2-opt,1,9.563431354854833,5.996171941237619
243,M4* greedy,1,12.580620862919918,4.738378735779781
243,M4* 2-opt,1,12.580620862919918,4.671155854465411
244,M4* greedy,3,13.733971834427482,1.268069412960878
244,M4* 2-opt,2,11.794554387216918,1.0000793545925264
245,M4* greedy,4,13.17321082464915,3.723838273305659
245,M4* 2-opt,4,13.17321082464915,3.723838273305659
246,M4* greedy,5,13.400068532116537,1.5679150320062814
246,M4* 2-opt,5,13.400068532116537,1.5679150320062814
247,M4* greedy,1,10.875834600027776,6.482519247696858
247,M4* 2-opt,1,10.875834600027776,5.711017519397524
248,M4* greedy,1,13.639911237761034,3.362195767238808
248,M4* 2-opt,1,13.639911237761034,3.0089903765608765
249,M4* greedy,2,13.555494674065667,3.5456380817962025
249,M4* 2-opt,2,13.555494674065667,3.31356643994195
250,M4* greedy,4,13.996002458486553,3.597181807455023
250,M4* 2-opt,4,13.996002458486553,3.597181807455023
251,M4* greedy,3,12.530989078705158,1.0726335563477627
251,M4* 2-opt,4,12.517825501822282,1.3632939061949096
252,M4* greedy,5,13.364611559275403,1.6429918943037416
252,M4* 2-opt,4,12.515562618271149,1.4945822074225457
253,M4* greedy,4,13.533868849726653,1.6399641119706587
253,M4* 2-opt,5,12.256676020155426,5.332721758500827
254,M4* greedy,1,11.722344389976262,5.930811854369602
254,M4* 2-opt,1,11.634477271983371,5.930811854369602
255,M4* greedy,6,11.224415110467543,4.788140246728212
255,M4* 2-opt,6,11.224415110467543,4.042529339878106
256,M4* greedy,2,13.191687992541935,1.0246022751559498
256,M4* 2-opt,2,12.507799917642085,1.0246022751559498
257,M4* greedy,3,13.662542573317245,1.402084366725308
257,M4* 2-opt,6,12.8291082954819,3.8222179403145624
258,M4* greedy,3,13.128887658130605,1.7177681448144497
258,M4* 2-opt,4,12.948939444620546,4.798945390757037
259,M4* greedy,3,11.648910655960192,2.9975312439101387
259,M4* 2-opt,4,11.357242954476504,3.025724560643902
260,M4* greedy,1,13.024063457184326,7.200341486302211
260,M4* 2-opt,1,12.339275529684015,6.614722633454977
261,M4* greedy,1,12.89979040721865,4.103941760871781
261,M4* 2-opt,1,12.89979040721865,3.8629311032310687
262,M4* greedy,3,11.286859758857736,1.2167266819132505
262,M4* 2-opt,3,11.286859758857736,1.2167266819132505
263,M4* greedy,5,13.851041421706416,4.477028458110715
263,M4* 2-opt,2,13.724123047330032,3.5276105913665976
264,M4* greedy,2,13.849414036177535,5.155364700939547
264,M4* 2-opt,4,13.117636336766378,5.770890632805308
265,M4* greedy,9,13.91685259996936,4.912193755170058
265,M4* 2-opt,5,13.074522172987274,2.8574464599027287
266,M4* greedy,5,13.986762957253845,1.716399864488808
266,M4* 2-opt,5,13.9369082029795,1.5746906371107285
267,M4* greedy,6,10.894521495814985,3.5031078721610407
267,M4* 2-opt,6,10.879286937094651,3.496810866704786
268,M4* greedy,2,11.16607741577809,4.2623896841447175
268,M4* 2-opt,2,11.16607741577809,4.259903761261509
269,M4* greedy,1,13.9230062429407,5.221330182968657
269,M4* 2-opt,1,13.9230062429407,5.208172498832741
270,M4* greedy,3,13.971020174010334,1.1631400430369436
270,M4* 2-opt,3,13.70212526125081,1.1631400430369436
271,M4* greedy,8,12.971989085318455,4.226092308300658
271,M4* 2-opt,9,11.688771032297629,4.831450974432021
272,M4* greedy,6,13.528087512501921,1.4389704215446357
272,M4* 2-opt,2,12.983146881926663,1.1619193939135797
273,M4* greedy,3,13.946367343709454,2.7408808018642525
273,M4* 2-opt,3,13.012019709004344,2.616935135334922
274,M4* greedy,1,12.506956215657542,1.0
274,M4* 2-opt,1,12.434731448502006,1.0
275,M4* greedy,1,13.911457207030027,1.6016268457821479
275,M4* 2-opt,1,13.213184941881497,1.6016268457821479
276,M4* greedy,3,11.099442127546485,4.010356452152171
276,M4* 2-opt,3,11.099442127546485,4.010356452152171
277,M4* greedy,5,13.630042414897769,2.1237704400706834
277,M4* 2-opt,5,13.630042414897769,2.1237704400706834
278,M4* greedy,3,11.901925457703246,1.9266222322542288
278,M4* 2-opt,5,11.120711280625375,3.9419881623386277
279,M4* greedy,4,12.720105187055218,2.157862199553469
279,M4* 2-opt,5,12.478284982202405,2.4144027745939436
280,M4* greedy,3,11.20145498469187,1.912623185008405
280,M4* 2-opt,3,10.69735465225006,1.3279091505865956
281,M4* greedy,3,11.637423469250567,4.1131303522646165
281,M4* 2-opt,3,11.568771801913664,3.5335936587191292
282,M4* greedy,3,13.790146795231824,1.155545031421822
282,M4* 2-opt,3,13.790146795231824,1.155545031421822
283,M4* greedy,2,13.832063094558782,1.0773585055208965
283,M4* 2-opt,2,11.609212292051156,1.0773585055208965
284,M4* greedy,4,12.762436911093426,1.667210433138454
284,M4* 2-opt,2,11.108341555461006,1.0265443815015785
285,M4* greedy,1,13.561048331660913,7.611245987155882
285,M4* 2-opt,1,13.561048331660913,7.611245987155882
286,M4* greedy,3,13.427648780664459,1.2586934405327248
286,M4* 2-opt,5,12.073955819549393,2.576433599670848
287,M4* greedy,2,11.793740197303276,5.9300637492787125
287,M4* 2-opt,2,11.793740197303276,5.868684846952949
288,M4* greedy,2,11.627761191544428,1.1123842892124578
288,M4* 2-opt,2,11.627761191544428,1.1123842892124578
289,M4* greedy,1,12.253827041114805,1.0
289,M4* 2-opt,1,10.783758982559593,1.0
290,M4* greedy,3,13.812259409406924,1.2855526833073116
290,M4* 2-opt,5,13.440411413851596,3.3100714072809723
291,M4* greedy,6,13.103023932801177,1.4725848777408799
291,M4* 2-opt,6,12.250300142829483,1.3191005467778776
292,M4* greedy,2,12.988780083317128,4.45433267689217
292,M4* 2-opt,2,12.988780083317128,4.17282520464971
293,M4* greedy,1,9.944785480724072,5.413640168680081
293,M4* 2-opt,1,9.944785480724072,5.413640168680081
294,M4* greedy,5,13.395643809635052,1.2887756942813973
294,M4* 2-opt,4,13.130583708025416,1.067752658017577
295,M4* greedy,2,12.067158924124517,4.139346309302959
295,M4* 2-opt,2,12.067158924124517,3.7066994733932894
296,M4* greedy,4,12.222550323558194,1.020958048802037
296,M4* 2-opt,4,12.222550323558194,1.020958048802037
297,M4* greedy,1,12.786285081714475,5.150496100493367
297,M4* 2-opt,1,12.751335966493045,5.094619971900041
298,M4* greedy,1,8.32649766893458,7.823080094984456
298,M4* 2-opt,1,8.32649766893458,7.823080094984456
299,M4* greedy,2,12.729798711513585,1.0832620529843446
299,M4* 2-opt,2,10.217508532817389,1.0832620529843446
300,M4* greedy,4,13.36484560872513,2.8120484413525135
300,M4* 2-opt,3,12.086077129877154,2.6074301273238367
301,M4* greedy,1,10.85878458630971,4.516064523404352
301,M4* 2-opt,1,10.85878458630971,4.516064523404352
302,M4* greedy,3,10.70686194595318,1.415600889440557
302,M4* 2-opt,3,9.911028629147651,1.0799441572770947
303,M4* greedy,2,10.857283808224631,1.0339813892868799
303,M4* 2-opt,2,10.857283808224631,1.0339813892868799
304,M4* greedy,1,8.341138845679396,6.033295766854743
304,M4* 2-opt,1,8.341138845679396,6.033295766854743
305,M4* greedy,5,12.506767548608115,2.109762724872848
305,M4* 2-opt,3,12.502516260556165,1.795486550433555
306,M4* greedy,1,10.666803774206029,1.0
306,M4* 2-opt,1,10.666803774206029,1.0
307,M4* greedy,6,13.00682585998127,1.694853985529757
307,M4* 2-opt,4,11.870253759513595,1.3143453300327574
308,M4* greedy,5,13.075503166241507,2.564784616602811
308,M4* 2-opt,5,11.991272522737656,3.1527691810269087
309,M4* greedy,1,13.901134815980571,1.0
309,M4* 2-opt,1,13.437653203669425,1.0
310,M4* greedy,4,13.647575021986047,1.4478893129930734
310,M4* 2-opt,4,13.647575021986047,1.4478893129930734
311,M4* greedy,2,13.388466149629089,1.0865148601369277
311,M4* 2-opt,6,13.072725722889158,5.668117471530891
312,M4* greedy,5,13.317663426718642,1.3578763601080592
312,M4* 2-opt,2,12.594465014508389,1.1588142020742855
313,M4* greedy,6,8.450791331489187,1.5011474179475701
313,M4* 2-opt,3,8.325230461092325,1.0118030051043028
314,M4* greedy,1,13.821045936769476,1.0
314,M4* 2-opt,5,12.013597676309635,4.5762824603560945
315,M4* greedy,1,13.995480847080932,1.087846734983473
315,M4* 2-opt,1,13.67896516833787,1.087846734983473
316,M4* greedy,6,13.966103866381584,2.060549489309916
316,M4* 2-opt,4,12.270914500295644,1.7906389450905063
317,M4* greedy,2,13.972484002956275,1.0287720540282328
317,M4* 2-opt,2,13.972484002956275,1.0287720540282328
318,M4* greedy,5,13.859079784424914,2.574548838651351
318,M4* 2-opt,5,13.0596219612322,2.3349510191812706
319,M4* greedy,3,12.434254642881715,1.6594902638308138
319,M4* 2-opt,4,12.399553957291907,8.522410582725378
320,M4* greedy,5,13.638423863099774,1.2350777522081635
320,M4* 2-opt,3,12.836685236970906,1.0068806321855797
321,M4* greedy,5,13.506501887579562,1.5587137165447082
321,M4* 2-opt,5,13.498257935249093,1.556478399065292
322,M4* greedy,3,13.097682967865115,1.3552461624798957
322,M4* 2-opt,4,12.000529696921392,2.188936836291813
323,M4* greedy,6,13.89809992876777,1.449984307141804
323,M4* 2-opt,5,12.978137901612733,1.5686707322595097
324,M4* greedy,1,10.908377403190508,5.301477995891258
324,M4* 2-opt,1,10.908377403190508,5.026420153170994
325,M4* greedy,4,12.630665029340712,1.3769536243975455
325,M4* 2-opt,4,10.899958363676614,2.0600115720157257
326,M4* greedy,3,12.568535279608158,2.4877536381996395
326,M4* 2-opt,3,10.463746187682515,2.664186764898862
327,M4* greedy,2,13.578444682813235,6.244253161172919
327,M4* 2-opt,2,13.578444682813235,6.034574610052669
328,M4* greedy,1,11.50299761501692,1.0
328,M4* 2-opt,1,11.433085346780999,1.0
329,M4* greedy,1,6.001120539389825,5.652565298157864
329,M4* 2-opt,1,6.001120539389825,5.640952512597976
330,M4* greedy,1,13.423396671056299,4.289158158027594
330,M4* 2-opt,1,13.423396671056299,4.110014941967493
331,M4* greedy,5,13.099512149823898,1.4528820551111996
331,M4* 2-opt,8,13.003007554330155,3.714173438637103
332,M4* greedy,4,12.558135122362193,1.2805309219524725
332,M4* 2-opt,4,11.026761027335114,1.6174761061576444
333,M4* greedy,4,13.050606133660112,2.3213289461953392
333,M4* 2-opt,4,12.978120512177764,3.289022170100258
334,M4* greedy,4,12.827593692097166,2.0336497582231012
334,M4* 2-opt,5,12.659161286881595,2.051788036029846
335,M4* greedy,4,12.900273997327528,1.106479752920808
335,M4* 2-opt,3,12.85868276639645,1.0982257608243156
336,M4* greedy,3,11.812029319144044,3.403661919240801
336,M4* 2-opt,2,11.760745709912857,3.1399879135311224
337,M4* greedy,6,13.576569822918911,2.8287424801999874
337,M4* 2-opt,6,13.033945059581185,2.6757163101660497
338,M4* greedy,1,12.016354599687325,4.808589470134989
338,M4* 2-opt,1,12.016354599687325,4.711378406288167
339,M4* greedy,4,13.267915497327685,1.1573607679058875
339,M4* 2-opt,4,12.883357001143118,1.1573607679058875
340,M4* greedy,1,13.749084112390252,1.0
340,M4* 2-opt,1,13.52307552772033,1.0
341,M4* greedy,2,13.32132448702907,3.8406287156576138
341,M4* 2-opt,3,13.07959000006508,3.7840861206484786
342,M4* greedy,1,13.573694402428874,5.351871295977038
342,M4* 2-opt,1,13.573694402428874,5.188170763491366
343,M4* greedy,5,13.724026679292834,1.6065179407900436
343,M4* 2-opt,4,13.611349956064728,1.1236475205572147
344,M4* greedy,3,12.278547569034838,4.2378836210958015
344,M4* 2-opt,3,12.278547569034838,4.145067128875783
345,M4* greedy,7,11.267937920356594,3.938446779670129
345,M4* 2-opt,6,10.624546672506384,3.6408001839930333
346,M4* greedy,3,13.164544865069013,8.378504520502888
346,M4* 2-opt,3,13.164544865069013,7.863330271873687
347,M4* greedy,2,13.765713517736,2.0876627778840375
347,M4* 2-opt,7,12.457467621200657,8.989956787078423
348,M4* greedy,1,13.64267378868954,7.305708620669905
348,M4* 2-opt,1,13.491464416725812,7.013239319075889
349,M4* greedy,2,13.242398428326416,1.1647896904065473
349,M4* 2-opt,7,12.848142044515878,6.359543079072872
350,M4* greedy,1,12.091648709628632,5.320422725708052
350,M4* 2-opt,1,12.091648709628632,5.320422725708052
351,M4* greedy,1,13.95532012698558,1.0
351,M4* 2-opt,1,11.211294765122329,1.0
352,M4* greedy,6,12.611592507143381,2.744584396902279
352,M4* 2-opt,4,11.682718392812768,2.9109736616067323
353,M4* greedy,3,11.851744685892589,4.193364561533227
353,M4* 2-opt,3,11.024251942474573,3.8451864992866462
354,M4* greedy,1,12.473757877398143,3.9391623474572843
354,M4* 2-opt,1,12.473757877398143,3.508060192567218
355,M4* greedy,4,13.87805302236779,2.297168553968514
355,M4* 2-opt,6,12.357841264023982,4.717591009585832
356,M4* greedy,3,11.794064534560142,2.6804367488525664
356,M4* 2-opt,4,11.22747837854917,2.917356677288608
357,M4* greedy,2,10.464201742440935,6.352978889751119
357,M4* 2-opt,2,10.464201742440935,6.352978889751119
358,M4* greedy,4,13.972778045970811,1.0841272442004857
358,M4* 2-opt,4,13.972778045970811,1.0841272442004857
359,M4* greedy,1,13.048239207286368,5.651623084985531
359,M4* 2-opt,1,13.048239207286368,5.5685101042267995
360,M4* greedy,1,9.021130290040992,5.742848384010317
360,M4* 2-opt,1,9.021130290040992,5.742848384010317
361,M4* greedy,4,13.491570057300528,1.8707540587890281
361,M4* 2-opt,6,12.517915852479053,2.38176700657468
362,M4* greedy,2,13.932531229544121,5.072675925069899
362,M4* 2-opt,2,13.932531229544121,5.056823681022796
363,M4* greedy,8,13.695923012557815,4.642785465004208
363,M4* 2-opt,9,12.548538222438204,4.53155034308927
364,M4* greedy,3,13.321095964767862,1.8416847614918859
364,M4* 2-opt,6,12.518890696378083,4.348216518856808
365,M4* greedy,6,13.661666630636438,4.040117965735479
365,M4* 2-opt,7,12.054915844302116,5.2747039142489545
366,M4* greedy,4,12.44136323555156,2.1936463055539885
366,M4* 2-opt,2,9.84129540238705,1.2895830340925996
367,M4* greedy,2,13.946919293508579,3.8299406049120983
367,M4* 2-opt,3,13.243505787991825,3.7081583646128085
368,M4* greedy,1,11.010727494339607,3.8938910647068434
368,M4* 2-opt,2,10.471094054115472,3.9257587987960503
369,M4* greedy,5,11.608864064923468,1.999042812633008
369,M4* 2-opt,4,9.811438843470667,2.078059874609292
370,M4* greedy,1,13.860225167650771,1.0
370,M4* 2-opt,1,12.936247148549851,1.0
371,M4* greedy,1,13.93232617804964,4.9460044638651235
371,M4* 2-opt,1,13.93232617804964,4.898394820326996
372,M4* greedy,2,13.50269003094834,1.0006661012920626
372,M4* 2-opt,2,12.322062223222494,1.181762237114713
373,M4* greedy,1,12.394839268342105,5.264966112712259
373,M4* 2-opt,1,12.394839268342105,5.264966112712259
374,M4* greedy,9,13.893867841184083,6.398425858047269
374,M4* 2-opt,3,13.841006969715796,1.9729883132627086
375,M4* greedy,3,12.654719122416978,3.8081011868949446
375,M4* 2-opt,2,10.104889301925446,3.0744973959057704
376,M4* greedy,2,11.188737836743837,1.160004272588795
376,M4* 2-opt,5,8.670247562441444,3.9881110868958696
377,M4* greedy,1,12.048805615332562,6.126136330743441
377,M4* 2-opt,1,11.474907893897278,5.875758711618394
378,M4* greedy,4,12.821576392686445,1.742880334699935
378,M4* 2-opt,4,11.57117923092154,1.4927131904672253
379,M4* greedy,4,13.178596228784592,1.558821673033009
379,M4* 2-opt,2,11.855035720510987,1.0025979002286263
380,M4* greedy,1,11.725749177858411,4.608159352362014
380,M4* 2-opt,1,11.41279017116969,4.531774766393885
381,M4* greedy,1,13.937292899549181,4.666984655098955
381,M4* 2-opt,1,13.937292899549181,4.647438427135621
382,M4* greedy,1,4.867207113124827,6.4847057667806585
382,M4* 2-opt,1,4.867207113124827,6.236379909215953
383,M4* greedy,2,12.711734119383586,1.0763916379788037
383,M4* 2-opt,2,12.321083565105548,1.0763916379788037
384,M4* greedy,4,13.271413043744873,2.7720544218876153
384,M4* 2-opt,5,11.393372105862186,2.4736540322544394
385,M4* greedy,1,13.902876737556937,5.455415536484744
385,M4* 2-opt,3,13.762708869424932,6.319033934646328
386,M4* greedy,6,13.355603589131551,1.7985372202501968
386,M4* 2-opt,7,11.620141960153633,1.940120203473989
387,M4* greedy,2,12.03771583168749,5.537938021179954
387,M4* 2-opt,2,10.132340678642548,5.417185436192023
388,M4* greedy,7,12.121814017763796,7.9560103163059654
388,M4* 2-opt,2,12.116436975494628,1.3230994010559785
389,M4* greedy,2,6.37893267571378,5.441920485192152
389,M4* 2-opt,2,6.37893267571378,5.178613294115791
390,M4* greedy,6,13.653840389639745,2.661054393022239
390,M4* 2-opt,6,13.232345384073215,2.506731782231083
391,M4* greedy,1,13.51801268531479,3.3207626567141286
391,M4* 2-opt,1,13.51801268531479,3.3207626567141286
392,M4* greedy,1,7.986658324719167,6.998981661291759
392,M4* 2-opt,1,7.986658324719167,6.86623406513724
393,M4* greedy,3,13.132457246756164,1.9160052982404925
393,M4* 2-opt,3,12.702653585591221,1.9160052982404925
394,M4* greedy,3,10.42523528924652,1.4091098805122555
394,M4* 2-opt,5,9.47926625618152,1.830877907798997
395,M4* greedy,1,12.066154841086089,1.0
395,M4* 2-opt,1,11.930777003431047,1.0
396,M4* greedy,1,12.705057602912538,4.347754124608906
396,M4* 2-opt,1,12.705057602912538,4.347754124608906
397,M4* greedy,3,7.647426990433574,1.5769982550495094
397,M4* 2-opt,3,7.647426990433574,1.5769982550495094
398,M4* greedy,3,13.247344923699737,1.9719133944584462
398,M4* 2-opt,5,12.138145651557629,3.30723805978354
399,M4* greedy,4,11.574222571354257,3.687407681167145
399,M4* 2-opt,5,11.174478402679092,3.79642654817855
400,M4* greedy,2,13.449799639316218,1.5250748801661098
400,M4* 2-opt,2,13.435177870757096,1.5250748801661098
401,M4* greedy,4,10.167993589941272,1.0984111171938835
401,M4* 2-opt,4,9.89222526828477,1.0271628642589232
402,M4* greedy,3,13.308348627291508,1.049708539903209
402,M4* 2-opt,6,13.286576910028558,4.033851591603122
403,M4* greedy,1,12.933672879642284,5.999461339657129
403,M4* 2-opt,1,12.933672879642284,5.860580443769664
404,M4* greedy,4,12.90499243161815,1.2070227735510783
404,M4* 2-opt,5,11.843815284225187,1.4571087323930332
405,M4* greedy,5,13.727264419030895,4.870052185933596
405,M4* 2-opt,6,13.065872293584274,7.3448415994865295
406,M4* greedy,4,12.858418913585512,2.019324626694517
406,M4* 2-opt,2,11.143110733832119,1.3576090430387533
407,M4* greedy,1,13.798539892410838,6.148144459356473
407,M4* 2-opt,1,13.798539892410838,6.13710383739358
408,M4* greedy,3,13.369002674230275,2.786527962833911
408,M4* 2-opt,6,12.521838119372882,5.011261060474627
409,M4* greedy,3,13.773457958462565,1.7613977031745838
409,M4* 2-opt,6,12.983883608406774,4.34947707343169
410,M4* greedy,4,13.853792342742294,2.8700888420914388
410,M4* 2-opt,4,12.198647142223914,8.413268547010405
411,M4* greedy,1,12.884052377156626,1.0
411,M4* 2-opt,1,12.884052377156626,1.0
412,M4* greedy,1,8.733591747486441,5.728104319066968
412,M4* 2-opt,1,8.733591747486441,5.473041956058004
413,M4* greedy,4,11.877757453029858,5.099836339923835
413,M4* 2-opt,4,11.877757453029858,4.939852506506268
414,M4* greedy,2,11.339880925751045,3.3070253159934317
414,M4* 2-opt,2,11.339880925751045,3.2432298367353387
415,M4* greedy,8,12.893503827328384,6.421046895082301
415,M4* 2-opt,8,12.508772812863752,6.19960926737686
416,M4* greedy,6,13.966821102986657,3.5806429018731714
416,M4* 2-opt,6,13.311966653834324,4.580634709834462
417,M4* greedy,4,10.154228617992334,2.187068701150264
417,M4* 2-opt,3,9.78634445727211,1.976643618834438
418,M4* greedy,2,12.524339105573375,1.0048533985843495
418,M4* 2-opt,2,12.483935069346698,1.0048533985843495
419,M4* greedy,3,10.696441012091677,1.0241191712371556
419,M4* 2-opt,3,10.696441012091677,1.0241191712371556
420,M4* greedy,7,13.697115838868097,1.844653170143261
420,M4* 2-opt,4,11.528870556025671,1.195710492597628
421,M4* greedy,2,13.55990742028942,3.570873418742383
421,M4* 2-opt,2,13.55990742028942,3.570873418742383
422,M4* greedy,2,13.216530904570417,1.2034899120336577
422,M4* 2-opt,2,11.78486053816636,1.0976078805159613
423,M4* greedy,1,13.448398687430814,5.051044946739518
423,M4* 2-opt,1,13.448398687430814,4.987160308663565
424,M4* greedy,1,12.497846894317302,3.02171623003562
424,M4* 2-opt,1,12.497846894317302,2.921999732655682
425,M4* greedy,1,13.177463836584357,7.024145682580953
425,M4* 2-opt,1,12.623514723644382,6.998439379790278
426,M4* greedy,5,13.918302630539948,1.6415373702843101
426,M4* 2-opt,7,12.500332325336169,2.8854539058800888
427,M4* greedy,4,10.995913536174772,2.9827820651988675
427,M4* 2-opt,4,10.995913536174772,2.9827820651988675
428,M4* greedy,2,13.600519822903383,1.381053189834891
428,M4* 2-opt,2,12.561722722731716,1.381053189834891
429,M4* greedy,4,11.533861424271427,1.0429943857063668
429,M4* 2-opt,4,10.881437777881176,1.2808717801365428
430,M4* greedy,2,13.987312458047235,3.788548467528435
430,M4* 2-opt,2,13.987312458047235,3.689359977282806
431,M4* greedy,2,11.09934598478513,1.2154344259458976
431,M4* 2-opt,5,9.1394279052081,4.525996765978148
432,M4* greedy,3,13.617052006611749,2.201412204510605
432,M4* 2-opt,4,13.280698404645165,3.5216946915140324
433,M4* greedy,2,9.05294570829497,1.0865419445589977
433,M4* 2-opt,2,9.05294570829497,1.0865419445589977
434,M4* greedy,5,13.324758860950443,3.1127687543778544
434,M4* 2-opt,5,13.324758860950443,3.1127687543778544
435,M4* greedy,1,8.988598558826023,5.703506963765181
435,M4* 2-opt,1,8.988598558826023,5.618017745209116
436,M4* greedy,3,13.916054682084738,1.396471427725117
436,M4* 2-opt,3,13.329386910458922,1.396471427725117
437,M4* greedy,1,13.089761305638138,6.32653070996415
437,M4* 2-opt,1,13.089761305638138,6.0119769464466675
438,M4* greedy,7,13.417875882261269,1.6434311977591332
438,M4* 2-opt,4,11.548628495076928,1.1002876441021865
439,M4* greedy,2,10.609010178693572,1.0170687954510997
439,M4* 2-opt,2,9.576399573670423,2.0484863759618337
440,M4* greedy,3,13.642127885108497,1.9940532166438591
440,M4* 2-opt,3,12.63963522491234,2.2950111503640027
441,M4* greedy,8,13.137957877735953,6.208270137839437
441,M4* 2-opt,8,13.137957877735953,6.208270137839437
442,M4* greedy,4,12.016037156628228,1.3707243455051552
442,M4* 2-opt,4,11.170827503819396,1.3707243455051552
443,M4* greedy,3,13.841292230230332,1.8145668348036035
443,M4* 2-opt,2,13.122135105812688,1.4694117038765167
444,M4* greedy,5,13.579057422640517,2.4737229380656935
444,M4* 2-opt,2,11.90317742570432,1.3646630024111115
445,M4* greedy,9,13.8974740855524,3.1503788425412838
445,M4* 2-opt,9,13.8974740855524,3.1503788425412838
446,M4* greedy,4,13.179162090984264,1.2998469224523905
446,M4* 2-opt,4,10.988724925869123,1.2998469224523905
447,M4* greedy,5,13.54998194633013,4.113049227653109
447,M4* 2-opt,4,12.766687436372935,3.7819625070566696
448,M4* greedy,1,9.837700251096427,6.671628390569321
448,M4* 2-opt,3,8.416668187888597,8.381890861648136
449,M4* greedy,4,13.746535753330386,3.6733730425312334
449,M4* 2-opt,3,13.078048111354995,3.3705650561447684
450,M4* greedy,5,12.64746953429579,2.4143307029741
450,M4* 2-opt,5,12.249758209554686,2.4143307029741
451,M4* greedy,2,12.965553305984614,1.0607249642319603
451,M4* 2-opt,2,11.5145231502322,1.625619056203958
452,M4* greedy,5,13.9263696141743,1.098623050515947
452,M4* 2-opt,5,13.468112218339158,1.4789954833689707
453,M4* greedy,4,13.204858412647022,1.3361730013434743
453,M4* 2-opt,7,12.323773719583329,4.629184054947698
454,M4* greedy,4,9.206153183071441,1.8691582947927046
454,M4* 2-opt,4,9.206153183071441,1.8691582947927046
455,M4* greedy,4,11.571299946100444,1.7165570066332199
455,M4* 2-opt,5,10.018660726689907,2.4561610652251247
456,M4* greedy,8,13.248142474676676,3.385666842595384
456,M4* 2-opt,7,11.917286398399337,2.2156493933218053
457,M4* greedy,1,13.414153807022375,1.0
457,M4* 2-opt,1,13.414153807022375,1.0
458,M4* greedy,1,13.434859605847098,1.0
458,M4* 2-opt,1,12.79409726194555,1.0
459,M4* greedy,2,8.593157470222726,4.840009875682876
459,M4* 2-opt,2,8.593157470222726,4.545886368224979
460,M4* greedy,6,12.218017191733612,2.9361917734608762
460,M4* 2-opt,6,12.218017191733612,2.9361917734608762
461,M4* greedy,1,13.052763558070508,1.0
461,M4* 2-opt,1,13.052763558070508,1.0
462,M4* greedy,5,13.928625790427725,1.8334792880383428
462,M4* 2-opt,3,11.703801628705984,1.122935825916837
463,M4* greedy,3,11.096572957557214,1.3564857059909121
463,M4* 2-opt,1,10.442751724369458,1.0
464,M4* greedy,2,13.68506928733805,1.4021961231244877
464,M4* 2-opt,2,11.504120959740096,1.4021961231244877
465,M4* greedy,1,6.191542576987843,8.667110191186564
465,M4* 2-opt,1,6.191542576987843,8.40051457610592
466,M4* greedy,2,13.334088264182405,1.345098946090038
466,M4* 2-opt,2,13.334088264182405,1.345098946090038
467,M4* greedy,2,13.503412395964599,1.5120093045112193
467,M4* 2-opt,1,12.615728781856165,1.0
468,M4* greedy,3,10.484596074263209,5.352178630263722
468,M4* 2-opt,3,9.653531342041049,4.495580514886348
469,M4* greedy,3,13.187285477321897,1.088319077042063
469,M4* 2-opt,3,11.55759850842613,1.088319077042063
470,M4* greedy,3,13.222095346369903,4.084819573059471
470,M4* 2-opt,5,12.258955154983841,4.205119976012202
471,M4* greedy,3,6.2605050311172885,5.273642072977071
471,M4* 2-opt,3,6.2605050311172885,4.8673077922781856
472,M4* greedy,2,13.164047521566435,1.0570009760208603
472,M4* 2-opt,4,12.072365991334793,3.895678832635505
473,M4* greedy,1,11.661332975146248,3.262866744495198
473,M4* 2-opt,1,11.661332975146248,3.172062970016319
474,M4* greedy,4,13.229088968676603,2.4492558118207803
474,M4* 2-opt,3,12.659952312534854,2.1979064360519307
475,M4* greedy,1,12.734335213073713,3.668881270383322
475,M4* 2-opt,1,12.734335213073713,3.2321121890214535
476,M4* greedy,6,13.489824058356461,2.7106464514521558
476,M4* 2-opt,6,13.489824058356461,2.7106464514521558
477,M4* greedy,5,13.535878734837873,1.5999438803012047
477,M4* 2-opt,5,13.535878734837873,1.5999438803012047
478,M4* greedy,1,13.322227439357933,1.0
478,M4* 2-opt,1,13.322227439357933,1.0
479,M4* greedy,3,12.923250584465844,4.143517828844439
479,M4* 2-opt,4,12.337904266935364,4.360743539911171
480,M4* greedy,2,13.73970584630245,3.4831022487928514
480,M4* 2-opt,2,13.73970584630245,3.2763871393397808
481,M4* greedy,2,13.915254325048462,1.8473597389615657
481,M4* 2-opt,2,11.800233364448152,1.8473597389615657
482,M4* greedy,7,13.707726733105105,4.282852649426855
482,M4* 2-opt,7,13.707726733105105,4.282852649426855
483,M4* greedy,3,12.426061570643084,1.0258206532089873
483,M4* 2-opt,3,12.282976331433257,1.0258206532089873
484,M4* greedy,6,13.177765664666879,5.2945355215447885
484,M4* 2-opt,6,12.95787525027201,5.189501932431357
485,M4* greedy,3,13.77568710507393,2.698235045692727
485,M4* 2-opt,2,12.506270720356582,2.0816285538654884
486,M4* greedy,3,13.950274360097634,1.289866297541565
486,M4* 2-opt,3,13.430593756959915,3.7942326284381296
487,M4* greedy,8,12.29702152667559,4.465420233318801
487,M4* 2-opt,8,12.29702152667559,4.465420233318801
488,M4* greedy,5,11.324111184283453,1.9342512934699325
488,M4* 2-opt,3,11.289326245569356,1.8873104596498562
489,M4* greedy,6,13.95172584519458,3.2978224540229455
489,M4* 2-opt,4,13.602821368051417,2.456509030172016
490,M4* greedy,9,13.366023085882155,1.378956121581243
490,M4* 2-opt,6,12.747953719441117,1.1750053953675819
491,M4* greedy,1,11.706910440724432,7.091504278074981
491,M4* 2-opt,1,11.706910440724432,6.28505999524218
492,M4* greedy,6,12.394224239216692,1.7459268159594654
492,M4* 2-opt,6,12.394224239216692,1.7459268159594654
493,M4* greedy,2,13.018739184419813,1.5290002313457847
493,M4* 2-opt,1,12.07477165826922,1.0
494,M4* greedy,1,12.994018010204545,5.723954781032423
494,M4* 2-opt,1,12.994018010204545,5.545996905887212
495,M4* greedy,4,11.658099764735761,2.1281497686600113
495,M4* 2-opt,2,9.36810652037181,1.109360896014636
496,M4* greedy,3,11.071481260474965,2.2829507209451463
496,M4* 2-opt,5,9.467494437600992,3.2923429816460703
497,M4* greedy,4,13.546141653436269,1.6289686620161083
497,M4* 2-opt,4,11.648947834891302,1.6321269494121788
498,M4* greedy,1,10.980639730924462,1.0
498,M4* 2-opt,2,10.78174691034873,1.001156362229034
499,M4* greedy,1,9.132482491616052,1.0
499,M4* 2-opt,1,8.334191782698051,1.0
